{"spawnpointList":[],"textureURL":["","","","",""],"objectList":[{"DataID":40200024,"UNIQUEID":3,"m_eobstacleObjType":4,"pos":{"x":-4.419000148773193,"y":17.327999114990236,"z":0.0,"_x":"-4.419","_y":"17.328","_z":"0.000"},"rot":{"pitch":"0.000","yaw":"0.000","roll":"-90.000"},"scale":{"x":0.07000000029802323,"y":0.07000000029802323,"z":0.07000000029802323,"_x":"0.070","_y":"0.070","_z":"0.070"}},{"DataID":40200036,"UNIQUEID":2,"m_eobstacleObjType":4,"pos":{"x":-13.289999961853028,"y":4.8520002365112309,"z":0.4259999990463257,"_x":"-13.290","_y":"4.852","_z":"0.426"},"rot":{"pitch":"0.000","yaw":"0.000","roll":"-90.000"},"scale":{"x":1.0,"y":1.0,"z":1.0,"_x":"1.000","_y":"1.000","_z":"1.000"}},{"DataID":40200022,"UNIQUEID":1,"m_eobstacleObjType":4,"pos":{"x":-8.39900016784668,"y":4.071000099182129,"z":0.0,"_x":"-8.399","_y":"4.071","_z":"0.000"},"rot":{"pitch":"0.000","yaw":"0.000","roll":"60.000"},"scale":{"x":1.0,"y":1.0,"z":1.0,"_x":"1.000","_y":"1.000","_z":"1.000"}},{"DataID":40200022,"UNIQUEID":8,"m_eobstacleObjType":4,"pos":{"x":-5.5,"y":3.9200000762939455,"z":0.0,"_x":"-5.500","_y":"3.920","_z":"0.000"},"rot":{"pitch":"0.000","yaw":"0.000","roll":"90.000"},"scale":{"x":1.0,"y":1.0,"z":1.0,"_x":"1.000","_y":"1.000","_z":"1.000"}},{"DataID":40200029,"UNIQUEID":9,"m_eobstacleObjType":4,"pos":{"x":-4.0320000648498539,"y":10.14900016784668,"z":0.0,"_x":"-4.032","_y":"10.149","_z":"0.000"},"rot":{"pitch":"0.000","yaw":"0.000","roll":"-90.000"},"scale":{"x":1.0,"y":1.0,"z":1.0,"_x":"1.000","_y":"1.000","_z":"1.000"}},{"DataID":40200035,"UNIQUEID":10,"m_eobstacleObjType":4,"pos":{"x":-3.132999897003174,"y":10.119999885559082,"z":0.0,"_x":"-3.133","_y":"10.120","_z":"0.000"},"rot":{"pitch":"0.000","yaw":"0.000","roll":"-90.000"},"scale":{"x":1.0,"y":1.0,"z":1.0,"_x":"1.000","_y":"1.000","_z":"1.000"}},{"DataID":40200037,"UNIQUEID":11,"m_eobstacleObjType":4,"pos":{"x":-3.311000108718872,"y":9.930999755859375,"z":0.7440000176429749,"_x":"-3.311","_y":"9.931","_z":"0.744"},"rot":{"pitch":"-359.376","yaw":"0.345","roll":"-90.002"},"scale":{"x":1.0,"y":1.0,"z":1.0,"_x":"1.000","_y":"1.000","_z":"1.000"}}],"extraObjectList":[{"objectInfo":{"DataID":0,"UNIQUEID":-1,"m_eobstacleObjType":4,"pos":{"x":-7.2179999351501469,"y":4.0879998207092289,"z":-0.25,"_x":"-7.218","_y":"4.088","_z":"-0.250"},"rot":{"pitch":"0.000","yaw":"0.000","roll":"-90.000"},"scale":{"x":0.5,"y":0.5,"z":0.5,"_x":"0.500","_y":"0.500","_z":"0.500"}},"extraInfo":{"bundleName":"docuobject.obstacle","isKinematic":true,"isDeliveryStuff":true}},{"objectInfo":{"DataID":0,"UNIQUEID":-1,"m_eobstacleObjType":4,"pos":{"x":-2.74399995803833,"y":13.583999633789063,"z":-0.25,"_x":"-2.744","_y":"13.584","_z":"-0.250"},"rot":{"pitch":"0.000","yaw":"0.000","roll":"-89.999"},"scale":{"x":0.5,"y":0.5,"z":0.5,"_x":"0.500","_y":"0.500","_z":"0.500"}},"extraInfo":{"bundleName":"waterobject.obstacle","isKinematic":true,"isDeliveryStuff":true}},{"objectInfo":{"DataID":0,"UNIQUEID":-1,"m_eobstacleObjType":4,"pos":{"x":-9.944000244140625,"y":4.001999855041504,"z":-0.25,"_x":"-9.944","_y":"4.002","_z":"-0.250"},"rot":{"pitch":"0.000","yaw":"0.000","roll":"-90.000"},"scale":{"x":0.5,"y":0.5,"z":0.5,"_x":"0.500","_y":"0.500","_z":"0.500"}},"extraInfo":{"bundleName":"boxobject.obstacle","isKinematic":true,"isDeliveryStuff":true}}],"movingobjectList":[]}